ID,제목,소리 유형,자연음·ASMR 요소,공간감,배경 필터 Hz,질감 필터 Hz,개별 소리 설정 Hz,바탕 톤 Hz,주요 대역,90% 에너지 Hz,좌우 주기 s,거리 주기 s,길이 s,참고 ID,음원,이미지,강화,보완,컬렉션,BPM(4분음표),박자,음계·음집합,전개(30초 단위),감쇠 상수 s,마찰 어택 s,음 시작 수/분,근거 적용 범위
SN001,새벽 숲의 숨결,백색 기반(대역 제한),이슬 맺힌 잎의 스침 · 먼 새소리 · 부드러운 공기,좌우 완만한 이동 + 가까워졌다 멀어짐,100–2800,200–4200,1600–3600,"110, 164.81",중역 중심,237–3505,31,43,180,"T1, R1, R2, R3",audio/SN001.mp3,images/SN001.png,전환·시각탐색 · 청각주의,권장 제외 · 사건음 뚜렷함,대표 60곡,,,,,,,,질감·설계 참고; 이 음원의 효과는 미검증
SN003,대나무 사이로,백색 기반(대역 제한),대나무 잎 마찰 · 속이 빈 나무 울림 · 바람,좌우 소리 교차 + 가까운 질감과 먼 잔향,180–3300,360–4700,220–850,"146.83, 220",중역 중심,339–4081,45,65,180,"T1, R1, R2, R3",audio/SN003.mp3,images/SN003.png,전환·시각탐색 · 청각주의,권장 제외 · 사건음 뚜렷함,대표 60곡,,,,,,,,질감·설계 참고; 이 음원의 효과는 미검증
SN004,고요한 솔숲,백색 기반(대역 제한),솔잎 스침 · 낮은 바람 · 나뭇가지 마찰,좌우 왕복과 거리 변화를 조합한 타원형 느낌,90–2600,200–4000,300–4000,"98, 146.83",중역 중심,215–3268,52,76,180,"T1, R1, R2, R3",audio/SN004.mp3,images/SN004.png,지속주의 · 억제·간섭,지속주의 · 억제·간섭 · 작업기억,대표 60곡,,,,,,,,질감·설계 참고; 이 음원의 효과는 미검증
SN007,안개 낀 능선,백색 기반(대역 제한),낮고 넓은 바람 · 잎사귀의 먼 사각거림,좌측에서 우측으로 흐름 + 넓은 원거리 배경,65–1300,200–2700,300–2700,"82.41, 123.47",중역 중심,129–1760,73,72,180,"T1, R1, R2, R3",audio/SN007.mp3,images/SN007.png,지속주의 · 억제·간섭,지속주의 · 억제·간섭 · 작업기억,대표 60곡,,,,,,,,질감·설계 참고; 이 음원의 효과는 미검증
SN009,가을 낙엽 산책,백색 기반(대역 제한),부드러운 낙엽 마찰 · 마른 사각거림 · 공기,좌우 왕복과 거리 변화를 조합한 타원형 느낌,300–6000,600–7400,600–7500,"146.83, 196",고역 중심,598–7058,44,57,180,"T1, R1, R2, R3",audio/SN009.mp3,images/SN009.png,전환·시각탐색 · 작업기억,작업기억 · 전환·시각탐색,대표 60곡,,,,,,,,질감·설계 참고; 이 음원의 효과는 미검증
SN011,창가에 내리는 비,백색 기반(대역 제한),고른 빗결 · 유리창 물방울 · 먼 바람,좌우 완만한 이동 + 가까워졌다 멀어짐,250–6500,500–7900,420–1350,"110, 164.81",고역 중심,565–7504,58,79,180,"T1, R1, R2, R3",audio/SN011.mp3,images/SN011.png,전환·시각탐색 · 청각주의,권장 제외 · 사건음 뚜렷함,대표 60곡,,,,,,,,질감·설계 참고; 이 음원의 효과는 미검증
SN013,숲속 작은 개울,백색 기반(대역 제한),흐르는 물 · 작은 물방울 · 잎 스침,좌우 소리 교차 + 가까운 질감과 먼 잔향,160–5000,320–6400,420–1350,"146.83, 220",고역 중심,404–5986,72,64,180,"T1, R1, R2, R3",audio/SN013.mp3,images/SN013.png,전환·시각탐색 · 청각주의,권장 제외 · 사건음 뚜렷함,대표 60곡,,,,,,,,질감·설계 참고; 이 음원의 효과는 미검증
SN019,동굴의 물결,백색 기반(대역 제한),물방울 · 긴 잔향 · 낮은 공기,좌우 왕복과 거리 변화를 조합한 타원형 느낌,70–1700,200–3100,420–1350,"146.83, 196",중역 중심,156–2218,71,56,180,"T1, R1, R2, R3",audio/SN019.mp3,images/SN019.png,청각주의 · 지속주의,작업기억 · 전환·시각탐색,대표 60곡,,,,,,,,질감·설계 참고; 이 음원의 효과는 미검증
SN021,잔잔한 해안,백색 기반(대역 제한),완만한 파도 · 모래 쓸림 · 바람,좌우 완만한 이동 + 가까워졌다 멀어짐,90–4500,200–5900,300–5900,"110, 164.81",고역 중심,301–5550,42,78,180,"T1, R1, R2, R3",audio/SN021.mp3,images/SN021.png,전환·시각탐색 · 작업기억,작업기억 · 전환·시각탐색,대표 60곡,,,,,,,,질감·설계 참고; 이 음원의 효과는 미검증
SN026,해저의 유영,백색 기반(대역 제한),둥근 저음 물결 · 기포 · 어두운 공기,좌우 완만한 이동 + 가까워졌다 멀어짐,60–1000,200–2400,420–1350,"110, 220",중역 중심,113–1394,34,59,180,"T1, R1, R2, R3",audio/SN026.mp3,images/SN026.png,전환·시각탐색 · 청각주의,권장 제외 · 사건음 뚜렷함,대표 60곡,,,,,,,,질감·설계 참고; 이 음원의 효과는 미검증
SN031,비 오는 독서실,백색 기반(대역 제한),먼 빗소리 · 종이 마찰 · 조용한 공기,좌우 완만한 이동 + 가까워졌다 멀어짐,150–4200,300–5600,300–5600,"110, 164.81",고역 중심,355–5098,69,77,180,"T1, R1, R2",audio/SN031.mp3,images/SN031.png,전환·시각탐색 · 작업기억,작업기억 · 전환·시각탐색,대표 60곡,,,,,,,,질감·설계 참고; 이 음원의 효과는 미검증
SN034,부드러운 붓끝,백색 기반(대역 제한),부드러운 붓 스침 · 미세한 사각거림,좌우 왕복과 거리 변화를 조합한 타원형 느낌,550–7500,1100–8500,550–8500,"98, 146.83",고역 중심,931–8533,47,73,180,"T1, R1, R2",audio/SN034.mp3,images/SN034.png,전환·시각탐색 · 작업기억,작업기억 · 전환·시각탐색,대표 60곡,,,,,,,,질감·설계 참고; 이 음원의 효과는 미검증
SN036,따뜻한 벽난로,백색 기반(대역 제한),작은 불꽃 마찰 · 부드러운 타닥거림 · 낮은 공기,좌우 완만한 이동 + 가까워졌다 멀어짐,100–4300,200–5700,400–7000,"110, 220",고역 중심,307–5259,61,58,180,"T1, R1, R2",audio/SN036.mp3,images/SN036.png,전환·시각탐색 · 청각주의,권장 제외 · 사건음 뚜렷함,대표 60곡,,,,,,,,질감·설계 참고; 이 음원의 효과는 미검증
SN037,찻잔 옆의 정적,백색 기반(대역 제한),작은 물결 · 둥근 도자기 울림 · 먼 비,좌측에서 우측으로 흐름 + 넓은 원거리 배경,150–2400,300–3800,520–1500,"82.41, 123.47",중역 중심,264–3025,68,69,180,"T1, R1, R2",audio/SN037.mp3,images/SN037.png,전환·시각탐색 · 청각주의,권장 제외 · 사건음 뚜렷함,대표 60곡,,,,,,,,질감·설계 참고; 이 음원의 효과는 미검증
SN039,자갈을 쓸어내리는 손길,백색 기반(대역 제한),작은 돌의 마찰 · 부드러운 입자 소리,좌우 왕복과 거리 변화를 조합한 타원형 느낌,250–4700,500–6100,600–7500,"146.83, 196",고역 중심,484–5701,39,54,180,"T1, R1, R2",audio/SN039.mp3,images/SN039.png,전환·시각탐색 · 작업기억,작업기억 · 전환·시각탐색,대표 60곡,,,,,,,,질감·설계 참고; 이 음원의 효과는 미검증
SN041,깊은 밤의 숲,백색 기반(대역 제한),먼 작은 풀벌레 · 잎 스침 · 낮은 바람,좌우 완만한 이동 + 가까워졌다 멀어짐,80–2300,200–3700,2800–5200,"110, 164.81",중역 중심,194–2934,53,76,180,"T1, R1, R2",audio/SN041.mp3,images/SN041.png,청각주의 · 지속주의,작업기억 · 전환·시각탐색,대표 60곡,,,,,,,,질감·설계 참고; 이 음원의 효과는 미검증
SN043,눈 덮인 숲,백색 기반(대역 제한),눈을 연상시키는 사각거림 · 낮은 바람,좌우 소리 교차 + 가까운 질감과 먼 잔향,200–4200,400–5600,600–7500,"146.83, 220",고역 중심,415–5227,67,61,180,"T1, R1, R2",audio/SN043.mp3,images/SN043.png,전환·시각탐색 · 작업기억,작업기억 · 전환·시각탐색,대표 60곡,,,,,,,,질감·설계 참고; 이 음원의 효과는 미검증
SN050,깊은 고요의 결,백색 기반(대역 제한),어두운 공기 · 둥근 물결 · 낮은 사각거림,넓은 배경 + 작은 소리가 좌우에 불규칙하게 등장,55–1400,200–2800,300–2800,"123.47, 246.94",중역 중심,129–1803,73,64,180,"T1, R1, R2",audio/SN050.mp3,images/SN050.png,지속주의 · 억제·간섭,지속주의 · 억제·간섭 · 작업기억,대표 60곡,,,,,,,,질감·설계 참고; 이 음원의 효과는 미검증
SN051,분홍 안개의 해변,핑크 계열,완만한 파도 쇄파 · 절차적 합성,좌우 근접 질감 + 거리 감쇠·초기 반사; 웹에서 HRTF 이동 추가,65–3200,80–1760,88–1760,없음,중역 중심,75–2692,41,53,180,"T1, R1, R2, R3",audio/SN051.mp3,images/SN051.png,지속주의 · 억제·간섭,지속주의 · 억제·간섭 · 작업기억,대표 60곡,,,,,,,,질감·설계 참고; 이 음원의 효과는 미검증
SN052,잔잔한 삼나무 바람,핑크 계열,느린 브러시 마찰 · 절차적 합성,좌우 근접 질감 + 거리 감쇠·초기 반사; 웹에서 HRTF 이동 추가,80–3800,121–3654,243–3654,없음,중역 중심,92–3311,49,64,180,"T1, R1, R2",audio/SN052.mp3,images/SN052.png,지속주의 · 억제·간섭,지속주의 · 억제·간섭 · 작업기억,대표 60곡,,,,,,,,질감·설계 참고; 이 음원의 효과는 미검증
SN053,이끼 위 실비,핑크 계열,빗방울 입자 · 절차적 합성,좌우 근접 질감 + 거리 감쇠·초기 반사; 웹에서 HRTF 이동 추가,95–4400,329–5170,658–5170,없음,중역 중심,108–3844,57,75,180,"T1, R1, R2, R3",audio/SN053.mp3,images/SN053.png,지속주의 · 억제·간섭,지속주의 · 억제·간섭 · 작업기억,대표 60곡,,,,,,,,질감·설계 참고; 이 음원의 효과는 미검증
SN054,물결을 접는 오후,핑크 계열,불규칙 물방울 · 절차적 합성,좌우 근접 질감 + 거리 감쇠·초기 반사; 웹에서 HRTF 이동 추가,110–5000,131–1464,262–1464,없음,중역 중심,124–4274,65,86,180,"T1, R1, R2, R3",audio/SN054.mp3,images/SN054.png,지속주의 · 억제·간섭,지속주의 · 억제·간섭 · 작업기억,대표 60곡,,,,,,,,질감·설계 참고; 이 음원의 효과는 미검증
SN055,분홍빛 리넨,핑크 계열,천의 구김과 스침 · 절차적 합성,좌우 근접 질감 + 거리 감쇠·초기 반사; 웹에서 HRTF 이동 추가,125–3200,97–2592,194–2592,없음,중역 중심,135–2891,73,56,180,"T1, R1, R2",audio/SN055.mp3,images/SN055.png,지속주의 · 억제·간섭,지속주의 · 억제·간섭 · 작업기억,대표 60곡,,,,,,,,질감·설계 참고; 이 음원의 효과는 미검증
SN056,조약돌 사이 거품,핑크 계열,물속 기포 · 절차적 합성,좌우 근접 질감 + 거리 감쇠·초기 반사; 웹에서 HRTF 이동 추가,65–3800,80–600,104–600,없음,중역 중심,75–3219,81,67,180,"T1, R1, R2, R3",audio/SN056.mp3,images/SN056.png,청각주의 · 지속주의,작업기억 · 전환·시각탐색,대표 60곡,,,,,,,,질감·설계 참고; 이 음원의 효과는 미검증
SN059,모래 언덕의 속삭임,핑크 계열,흩어지는 작은 알갱이 · 절차적 합성,좌우 근접 질감 + 거리 감쇠·초기 반사; 웹에서 HRTF 이동 추가,110–3200,328–6262,656–6262,없음,중역 중심,124–2972,58,59,180,"T1, R1, R2",audio/SN059.mp3,images/SN059.png,지속주의 · 억제·간섭,지속주의 · 억제·간섭 · 작업기억,대표 60곡,,,,,,,,질감·설계 참고; 이 음원의 효과는 미검증
SN061,나무 그늘의 살랑임,핑크 계열,나무의 가벼운 접촉 · 절차적 합성,좌우 근접 질감 + 거리 감쇠·초기 반사; 웹에서 HRTF 이동 추가,65–4400,80–760,136–760,없음,중역 중심,75–3688,74,81,180,"T1, R1, R2",audio/SN061.mp3,images/SN061.png,청각주의 · 지속주의,작업기억 · 전환·시각탐색,대표 60곡,,,,,,,,질감·설계 참고; 이 음원의 효과는 미검증
SN066,새벽 종이의 결,핑크 계열,종이 넘김과 미세한 바스락임 · 절차적 합성,좌우 근접 질감 + 거리 감쇠·초기 반사; 웹에서 HRTF 이동 추가,65–5000,200–4640,400–4640,없음,중역 중심,75–4183,67,54,180,"T1, R1, R2",audio/SN066.mp3,images/SN066.png,지속주의 · 억제·간섭,지속주의 · 억제·간섭 · 작업기억,대표 60곡,,,,,,,,질감·설계 참고; 이 음원의 효과는 미검증
SN071,깊은 삼나무 그늘,브라운 계열,나무의 가벼운 접촉 · 절차적 합성,좌우 근접 질감 + 거리 감쇠·초기 반사; 웹에서 HRTF 이동 추가,40–1500,80–760,136–760,없음,저역 중심,32–549,61,53,180,"T1, R1, R2",audio/SN071.mp3,images/SN071.png,청각주의 · 지속주의,지속주의 · 작업기억 · 억제·간섭,대표 60곡,,,,,,,,질감·설계 참고; 이 음원의 효과는 미검증
SN072,밤바다의 낮은 숨,브라운 계열,완만한 파도 쇄파 · 절차적 합성,좌우 근접 질감 + 거리 감쇠·초기 반사; 웹에서 HRTF 이동 추가,50–1700,80–1914,95–1914,없음,저역 중심,43–1082,69,64,180,"T1, R1, R2, R3",audio/SN072.mp3,images/SN072.png,지속주의 · 억제·간섭,지속주의 · 작업기억 · 억제·간섭,대표 60곡,,,,,,,,질감·설계 참고; 이 음원의 효과는 미검증
SN073,동굴 안 물울림,브라운 계열,불규칙 물방울 · 절차적 합성,좌우 근접 질감 + 거리 감쇠·초기 반사; 웹에서 HRTF 이동 추가,60–1900,122–1363,244–1363,없음,저역 중심,48–797,77,75,180,"T1, R1, R2, R3",audio/SN073.mp3,images/SN073.png,지속주의 · 억제·간섭,지속주의 · 작업기억 · 억제·간섭,대표 60곡,,,,,,,,질감·설계 참고; 이 음원의 효과는 미검증
SN074,짙은 이끼의 바람,브라운 계열,느린 브러시 마찰 · 절차적 합성,좌우 근접 질감 + 거리 감쇠·초기 반사; 웹에서 HRTF 이동 추가,70–2100,141–4242,282–4242,없음,저역 중심,54–1071,38,86,180,"T1, R1, R2",audio/SN074.mp3,images/SN074.png,지속주의 · 억제·간섭,지속주의 · 작업기억 · 억제·간섭,대표 60곡,,,,,,,,질감·설계 참고; 이 음원의 효과는 미검증
SN075,흙빛 모래의 흐름,브라운 계열,흩어지는 작은 알갱이 · 절차적 합성,좌우 근접 질감 + 거리 감쇠·초기 반사; 웹에서 HRTF 이동 추가,40–2300,351–6696,702–6696,없음,저역 중심,32–845,46,56,180,"T1, R1, R2",audio/SN075.mp3,images/SN075.png,지속주의 · 억제·간섭,지속주의 · 작업기억 · 억제·간섭,대표 60곡,,,,,,,,질감·설계 참고; 이 음원의 효과는 미검증
SN078,담요 속 바람결,브라운 계열,천의 구김과 스침 · 절차적 합성,좌우 근접 질감 + 거리 감쇠·초기 반사; 웹에서 HRTF 이동 추가,70–1900,84–2256,169–2256,없음,저역 중심,54–947,70,89,180,"T1, R1, R2",audio/SN078.mp3,images/SN078.png,지속주의 · 억제·간섭,지속주의 · 작업기억 · 억제·간섭,대표 60곡,,,,,,,,질감·설계 참고; 이 음원의 효과는 미검증
SN082,흙 항아리의 잔향,브라운 계열,도자기의 둥근 공명 · 절차적 합성,좌우 근접 질감 + 거리 감쇠·초기 반사; 웹에서 HRTF 이동 추가,70–1700,165–1566,330–1566,없음,저역 중심,54–829,55,92,180,"T1, R1, R2",audio/SN082.mp3,images/SN082.png,청각주의 · 지속주의,지속주의 · 작업기억 · 억제·간섭,대표 60곡,,,,,,,,질감·설계 참고; 이 음원의 효과는 미검증
SN088,깊은 물의 작은 기포,브라운 계열,물속 기포 · 절차적 합성,좌우 근접 질감 + 거리 감쇠·초기 반사; 웹에서 HRTF 이동 추가,50–1900,80–705,122–705,없음,저역 중심,38–646,56,76,180,"T1, R1, R2, R3",audio/SN088.mp3,images/SN088.png,청각주의 · 지속주의,지속주의 · 작업기억 · 억제·간섭,대표 60곡,,,,,,,,질감·설계 참고; 이 음원의 효과는 미검증
SN091,안개 골짜기의 바닥,저역 대역 잡음,완만한 파도 쇄파 · 절차적 합성,좌우 근접 질감 + 거리 감쇠·초기 반사; 웹에서 HRTF 이동 추가,45–280,85–620,120–820,없음,저역 중심,59–436,81,53,180,"T1, R1, R2, R3",audio/SN091.mp3,images/SN091.png,지속주의 · 억제·간섭,지속주의 · 작업기억 · 억제·간섭,대표 60곡,,,,,,,,질감·설계 참고; 이 음원의 효과는 미검증
SN092,커다란 나뭇결,저역 대역 잡음,나무의 가벼운 접촉 · 절차적 합성,좌우 근접 질감 + 거리 감쇠·초기 반사; 웹에서 HRTF 이동 추가,57–335,85–620,120–820,없음,저역 중심,70–409,42,64,180,"T1, R1, R2",audio/SN092.mp3,images/SN092.png,청각주의 · 지속주의,지속주의 · 작업기억 · 억제·간섭,대표 60곡,,,,,,,,질감·설계 참고; 이 음원의 효과는 미검증
SN094,무거운 커튼의 주름,저역 대역 잡음,천의 구김과 스침 · 절차적 합성,좌우 근접 질감 + 거리 감쇠·초기 반사; 웹에서 HRTF 이동 추가,81–445,85–620,120–820,없음,중역 중심,97–544,58,86,180,"T1, R1, R2",audio/SN094.mp3,images/SN094.png,지속주의 · 억제·간섭,지속주의 · 작업기억 · 억제·간섭,대표 60곡,,,,,,,,질감·설계 참고; 이 음원의 효과는 미검증
SN096,깊은 항아리의 물방울,저역 대역 잡음,도자기의 둥근 공명 · 절차적 합성,좌우 근접 질감 + 거리 감쇠·초기 반사; 웹에서 HRTF 이동 추가,57–280,85–620,120–820,없음,저역 중심,70–339,74,67,180,"T1, R1, R2",audio/SN096.mp3,images/SN096.png,청각주의 · 지속주의,지속주의 · 작업기억 · 억제·간섭,대표 60곡,,,,,,,,질감·설계 참고; 이 음원의 효과는 미검증
SN099,촉촉한 흙의 입자,저역 대역 잡음,흩어지는 작은 알갱이 · 절차적 합성,좌우 근접 질감 + 거리 감쇠·초기 반사; 웹에서 HRTF 이동 추가,45–445,85–620,120–820,없음,중역 중심,65–549,51,59,180,"T1, R1, R2",audio/SN099.mp3,images/SN099.png,지속주의 · 억제·간섭,지속주의 · 작업기억 · 억제·간섭,대표 60곡,,,,,,,,질감·설계 참고; 이 음원의 효과는 미검증
SN101,한지 사이의 공기,중역 대역 잡음,종이 넘김과 미세한 바스락임 · 절차적 합성,좌우 근접 질감 + 거리 감쇠·초기 반사; 웹에서 HRTF 이동 추가,300–1800,200–4640,400–4640,없음,중역 중심,366–2196,44,53,180,"T1, R1, R2",audio/SN101.mp3,images/SN101.png,지속주의 · 억제·간섭,지속주의 · 억제·간섭 · 작업기억,대표 60곡,,,,,,,,질감·설계 참고; 이 음원의 효과는 미검증
SN102,대나무 발의 작은 떨림,중역 대역 잡음,나무의 가벼운 접촉 · 절차적 합성,좌우 근접 질감 + 거리 감쇠·초기 반사; 웹에서 HRTF 이동 추가,380–2150,80–826,147–826,없음,중역 중심,431–2514,52,64,180,"T1, R1, R2",audio/SN102.mp3,images/SN102.png,청각주의 · 지속주의,작업기억 · 전환·시각탐색,대표 60곡,,,,,,,,질감·설계 참고; 이 음원의 효과는 미검증
SN103,비단 리본의 스침,중역 대역 잡음,천의 구김과 스침 · 절차적 합성,좌우 근접 질감 + 거리 감쇠·초기 반사; 웹에서 HRTF 이동 추가,460–2500,84–2256,169–2256,없음,중역 중심,522–2907,60,75,180,"T1, R1, R2",audio/SN103.mp3,images/SN103.png,지속주의 · 억제·간섭,지속주의 · 억제·간섭 · 작업기억,대표 60곡,,,,,,,,질감·설계 참고; 이 음원의 효과는 미검증
SN104,자작나무 껍질의 결,중역 대역 잡음,느린 브러시 마찰 · 절차적 합성,좌우 근접 질감 + 거리 감쇠·초기 반사; 웹에서 HRTF 이동 추가,540–2850,141–4242,282–4242,없음,중역 중심,619–3365,68,86,180,"T1, R1, R2",audio/SN104.mp3,images/SN104.png,전환·시각탐색 · 작업기억,작업기억 · 전환·시각탐색,대표 60곡,,,,,,,,질감·설계 참고; 이 음원의 효과는 미검증
SN105,말린 꽃의 바스락임,중역 대역 잡음,흩어지는 작은 알갱이 · 절차적 합성,좌우 근접 질감 + 거리 감쇠·초기 반사; 웹에서 HRTF 이동 추가,300–3200,351–6696,702–6696,없음,중역 중심,452–3876,76,56,180,"T1, R1, R2",audio/SN105.mp3,images/SN105.png,전환·시각탐색 · 작업기억,작업기억 · 전환·시각탐색,대표 60곡,,,,,,,,질감·설계 참고; 이 음원의 효과는 미검증
SN106,얇은 눈 위의 솔,중역 대역 잡음,느린 브러시 마찰 · 절차적 합성,좌우 근접 질감 + 거리 감쇠·초기 반사; 웹에서 HRTF 이동 추가,380–1800,112–3360,224–3360,없음,중역 중심,436–2110,37,67,180,"T1, R1, R2",audio/SN106.mp3,images/SN106.png,지속주의 · 억제·간섭,지속주의 · 억제·간섭 · 작업기억,대표 60곡,,,,,,,,질감·설계 참고; 이 음원의 효과는 미검증
SN111,빗방울 하나의 여행,개별 질감 중심,불규칙 물방울 · 절차적 합성,좌우 근접 질감 + 거리 감쇠·초기 반사; 웹에서 HRTF 이동 추가,없음,개별 사건만,208–1160,없음,중역 중심,205–1141,54,53,180,"R1, R2, R3",audio/SN111.mp3,images/SN111.png,지속주의 · 억제·간섭,지속주의 · 억제·간섭 · 작업기억,대표 60곡,,,,,,,,질감·설계 참고; 이 음원의 효과는 미검증
SN112,나무 구슬의 산책,개별 질감 중심,나무의 가벼운 접촉 · 절차적 합성,좌우 근접 질감 + 거리 감쇠·초기 반사; 웹에서 HRTF 이동 추가,없음,개별 사건만,147–826,없음,중역 중심,172–1497,62,64,180,"R1, R2",audio/SN112.mp3,images/SN112.png,전환·시각탐색 · 청각주의,권장 제외 · 사건음 뚜렷함,대표 60곡,,,,,,,,질감·설계 참고; 이 음원의 효과는 미검증
SN113,찻잎을 덜어내는 시간,개별 질감 중심,흩어지는 작은 알갱이 · 절차적 합성,좌우 근접 질감 + 거리 감쇠·초기 반사; 웹에서 HRTF 이동 추가,없음,개별 사건만,611–5828,없음,고역 중심,797–6681,70,75,180,"R1, R2",audio/SN113.mp3,images/SN113.png,전환·시각탐색 · 청각주의,권장 제외 · 사건음 뚜렷함,대표 60곡,,,,,,,,질감·설계 참고; 이 음원의 효과는 미검증
SN114,얇은 종이 넘김,개별 질감 중심,종이 넘김과 미세한 바스락임 · 절차적 합성,좌우 근접 질감 + 거리 감쇠·초기 반사; 웹에서 HRTF 이동 추가,없음,개별 사건만,505–5858,없음,고역 중심,689–6702,78,86,180,"R1, R2",audio/SN114.mp3,images/SN114.png,전환·시각탐색 · 청각주의,권장 제외 · 사건음 뚜렷함,대표 60곡,,,,,,,,질감·설계 참고; 이 음원의 효과는 미검증
SN115,리넨을 접는 손길,개별 질감 중심,천의 구김과 스침 · 절차적 합성,좌우 근접 질감 + 거리 감쇠·초기 반사; 웹에서 HRTF 이동 추가,없음,개별 사건만,194–2592,없음,중역 중심,285–2993,39,56,180,"R1, R2",audio/SN115.mp3,images/SN115.png,전환·시각탐색 · 작업기억,작업기억 · 전환·시각탐색,대표 60곡,,,,,,,,질감·설계 참고; 이 음원의 효과는 미검증
SN116,작은 돌의 둥근 소리,개별 질감 중심,돌의 작은 접촉 · 절차적 합성,좌우 근접 질감 + 거리 감쇠·초기 반사; 웹에서 HRTF 이동 추가,없음,개별 사건만,192–960,없음,중역 중심,248–1184,47,67,180,"R1, R2",audio/SN116.mp3,images/SN116.png,전환·시각탐색 · 청각주의,권장 제외 · 사건음 뚜렷함,대표 60곡,,,,,,,,질감·설계 참고; 이 음원의 효과는 미검증
SN121,부드러운 붓의 왕복,개별 질감 중심,느린 브러시 마찰 · 절차적 합성,좌우 근접 질감 + 거리 감쇠·초기 반사; 웹에서 HRTF 이동 추가,없음,개별 사건만,224–3360,없음,중역 중심,345–3930,40,81,180,"R1, R2",audio/SN121.mp3,images/SN121.png,전환·시각탐색 · 청각주의,권장 제외 · 사건음 뚜렷함,대표 60곡,,,,,,,,질감·설계 참고; 이 음원의 효과는 미검증
SN122,유리 구슬의 물빛,개별 질감 중심,유리의 짧은 울림 · 절차적 합성,좌우 근접 질감 + 거리 감쇠·초기 반사; 웹에서 HRTF 이동 추가,없음,개별 사건만,739–2610,없음,중역 중심,818–3252,48,92,180,"R1, R2",audio/SN122.mp3,images/SN122.png,전환·시각탐색 · 청각주의,권장 제외 · 사건음 뚜렷함,대표 60곡,,,,,,,,질감·설계 참고; 이 음원의 효과는 미검증
SN123,조용한 도자기 작업실,개별 질감 중심,도자기의 둥근 공명 · 절차적 합성,좌우 근접 질감 + 거리 감쇠·초기 반사; 웹에서 HRTF 이동 추가,없음,개별 사건만,357–1692,없음,중역 중심,479–1814,56,62,180,"R1, R2",audio/SN123.mp3,images/SN123.png,전환·시각탐색 · 청각주의,권장 제외 · 사건음 뚜렷함,대표 60곡,,,,,,,,질감·설계 참고; 이 음원의 효과는 미검증
SN135,양모 표면의 느린 스침,개별 질감 중심,느린 브러시 마찰 · 절차적 합성,좌우 근접 질감 + 거리 감쇠·초기 반사; 웹에서 HRTF 이동 추가,없음,개별 사건만,302–4536,없음,고역 중심,474–5324,58,71,180,"R1, R2",audio/SN135.mp3,images/SN135.png,전환·시각탐색 · 작업기억,작업기억 · 전환·시각탐색,대표 60곡,,,,,,,,질감·설계 참고; 이 음원의 효과는 미검증
SN141,투명한 기포의 정원,공명·물방울 중심,물속 기포 · 절차적 합성,좌우 근접 질감 + 거리 감쇠·초기 반사; 웹에서 HRTF 이동 추가,없음,개별 사건만,104–600,없음,중역 중심,183–641,72,67,180,"R1, R2, R3",audio/SN141.mp3,images/SN141.png,청각주의 · 지속주의,작업기억 · 전환·시각탐색,대표 60곡,,,,,,,,질감·설계 참고; 이 음원의 효과는 미검증
SN145,작은 도자기의 공명,공명·물방울 중심,도자기의 둥근 공명 · 절차적 합성,좌우 근접 질감 + 거리 감쇠·초기 반사; 웹에서 HRTF 이동 추가,없음,개별 사건만,410–1944,없음,중역 중심,431–1911,57,70,180,"R1, R2",audio/SN145.mp3,images/SN145.png,청각주의 · 지속주의,작업기억 · 전환·시각탐색,대표 60곡,,,,,,,,질감·설계 참고; 이 음원의 효과는 미검증
SN148,물 위 유리 고리,공명·물방울 중심,유리의 짧은 울림 · 절차적 합성,좌우 근접 질감 + 거리 감쇠·초기 반사; 웹에서 HRTF 이동 추가,없음,개별 사건만,799–2820,없음,고역 중심,1044–3854,81,62,180,"R1, R2",audio/SN148.mp3,images/SN148.png,전환·시각탐색 · 청각주의,권장 제외 · 사건음 뚜렷함,대표 60곡,,,,,,,,질감·설계 참고; 이 음원의 효과는 미검증
SN149,고요한 우물의 잔향,공명·물방울 중심,불규칙 물방울 · 절차적 합성,좌우 근접 질감 + 거리 감쇠·초기 반사; 웹에서 HRTF 이동 추가,없음,개별 사건만,262–1464,없음,중역 중심,296–1513,42,73,180,"R1, R2, R3",audio/SN149.mp3,images/SN149.png,지속주의 · 억제·간섭,지속주의 · 억제·간섭 · 작업기억,대표 60곡,,,,,,,,질감·설계 참고; 이 음원의 효과는 미검증
SN151,새벽의 물방울,핸드팬 모달 합성,엇박 질문과 응답 · 부드러운 금속 타격 · 짧은 선율,완만한 좌우 패닝 + 부드러운 초기 반사,없음,없음,146.83–440.0,없음,저역 중심,145–441,41,0,180,H1 · H2 · M1,audio/SN151.mp3,images/SN151.jpg,미지정 · 개인 청취 선택,미지정 · 효과 검증 전,신규 핸드팬 15곡,72,4/4,D minor pentatonic,ABACBA,1.6,0.004,74.0,악기 음향은 연구 참고. BPM·박자·음계·감쇠 수치는 제작 선택. 개별 효과 미검증.
SN152,둥근 발걸음,핸드팬 모달 합성,세 박자 순환 · 부드러운 금속 타격 · 짧은 선율,완만한 좌우 패닝 + 부드러운 초기 반사,없음,없음,130.81–392.0,없음,저역 중심,129–393,44,0,180,H1 · H2 · M1,audio/SN152.mp3,images/SN152.jpg,미지정 · 개인 청취 선택,미지정 · 효과 검증 전,신규 핸드팬 15곡,66,3/4,C major pentatonic,AABACA,1.2,0.004,53.33,악기 음향은 연구 참고. BPM·박자·음계·감쇠 수치는 제작 선택. 개별 효과 미검증.
SN153,물결의 흔들림,핸드팬 모달 합성,3+3 여덟분음표 흔들림 · 부드러운 금속 타격 · 짧은 선율,완만한 좌우 패닝 + 부드러운 초기 반사,없음,없음,110.0–369.99,없음,저역 중심,108–371,47,0,180,H1 · H2 · M1,audio/SN153.mp3,images/SN153.jpg,미지정 · 개인 청취 선택,미지정 · 효과 검증 전,신규 핸드팬 15곡,76,6/8,A Dorian,ABCABA,2.0,0.004,105.0,악기 음향은 연구 참고. BPM·박자·음계·감쇠 수치는 제작 선택. 개별 효과 미검증.
SN154,다섯 개의 돌,핸드팬 모달 합성,3+2 비대칭 보행 · 부드러운 금속 타격 · 짧은 선율,완만한 좌우 패닝 + 부드러운 초기 반사,없음,없음,164.81–329.63,없음,저역 중심,161–393,50,0,180,H1 · H2 · M1,audio/SN154.mp3,images/SN154.jpg,미지정 · 개인 청취 선택,미지정 · 효과 검증 전,신규 핸드팬 15곡,80,5/4,E minor pentatonic,ABCBCA,1.35,0.004,66.67,악기 음향은 연구 참고. BPM·박자·음계·감쇠 수치는 제작 선택. 개별 효과 미검증.
SN155,일곱 잎의 바람,핸드팬 모달 합성,2+2+3 짧은 회전 · 부드러운 금속 타격 · 짧은 선율,완만한 좌우 패닝 + 부드러운 초기 반사,없음,없음,174.61–392.0,없음,중역 중심,172–436,53,0,180,H1 · H2 · M1,audio/SN155.mp3,images/SN155.jpg,미지정 · 개인 청취 선택,미지정 · 효과 검증 전,신규 핸드팬 15곡,84,7/8,F major pentatonic,ACABCA,1.05,0.004,94.67,악기 음향은 연구 참고. BPM·박자·음계·감쇠 수치는 제작 선택. 개별 효과 미검증.
SN156,모래의 삼연음,핸드팬 모달 합성,삼연음 파도 · 부드러운 금속 타격 · 짧은 선율,완만한 좌우 패닝 + 부드러운 초기 반사,없음,없음,98.0–329.63,없음,저역 중심,97–334,56,0,180,H1 · H2 · M1,audio/SN156.mp3,images/SN156.jpg,미지정 · 개인 청취 선택,미지정 · 효과 검증 전,신규 핸드팬 15곡,69,4/4 triplet,G Dorian,ABBACA,1.7,0.004,81.33,악기 음향은 연구 참고. BPM·박자·음계·감쇠 수치는 제작 선택. 개별 효과 미검증.
SN157,아홉 번의 회전,핸드팬 모달 합성,세 묶음의 3분할 · 부드러운 금속 타격 · 짧은 선율,완만한 좌우 패닝 + 부드러운 초기 반사,없음,없음,123.47–369.99,없음,저역 중심,124–371,59,0,180,H1 · H2 · M1,audio/SN157.mp3,images/SN157.jpg,미지정 · 개인 청취 선택,미지정 · 효과 검증 전,신규 핸드팬 15곡,78,9/8,B minor pentatonic,ABACAB,1.45,0.004,82.67,악기 음향은 연구 참고. BPM·박자·음계·감쇠 수치는 제작 선택. 개별 효과 미검증.
SN158,늦은 오후의 스윙,핸드팬 모달 합성,긴-짧은 스윙 · 부드러운 금속 타격 · 짧은 선율,완만한 좌우 패닝 + 부드러운 초기 반사,없음,없음,116.54–349.23,없음,저역 중심,113–350,62,0,180,H1 · H2 · M1,audio/SN158.mp3,images/SN158.jpg,미지정 · 개인 청취 선택,미지정 · 효과 검증 전,신규 핸드팬 15곡,88,4/4 swing,Bb major pentatonic,ABCACB,0.95,0.004,104.33,악기 음향은 연구 참고. BPM·박자·음계·감쇠 수치는 제작 선택. 개별 효과 미검증.
SN159,두 길의 만남,핸드팬 모달 합성,3:2 교차 악센트 · 부드러운 금속 타격 · 짧은 선율,완만한 좌우 패닝 + 부드러운 초기 반사,없음,없음,146.83–369.99,없음,저역 중심,145–436,65,0,180,H1 · H2 · M1,audio/SN159.mp3,images/SN159.jpg,미지정 · 개인 청취 선택,미지정 · 효과 검증 전,신규 핸드팬 15곡,81,4/4 3:2,D major pentatonic,ACBCAB,1.8,0.004,64.67,악기 음향은 연구 참고. BPM·박자·음계·감쇠 수치는 제작 선택. 개별 효과 미검증.
SN160,빈칸 사이의 빛,핸드팬 모달 합성,두 마디의 넓은 쉼 · 부드러운 금속 타격 · 짧은 선율,완만한 좌우 패닝 + 부드러운 초기 반사,없음,없음,92.5–277.18,없음,저역 중심,92–280,68,0,180,H1 · H2 · M1,audio/SN160.mp3,images/SN160.jpg,미지정 · 개인 청취 선택,미지정 · 효과 검증 전,신규 핸드팬 15곡,60,4/4 sparse,F# minor pentatonic,AABCAC,2.5,0.004,19.33,악기 음향은 연구 참고. BPM·박자·음계·감쇠 수치는 제작 선택. 개별 효과 미검증.
SN161,빗방울의 계단,핸드팬 모달 합성,박 뒤에서 오르는 계단 · 부드러운 금속 타격 · 짧은 선율,완만한 좌우 패닝 + 부드러운 초기 반사,없음,없음,130.81–440.0,없음,중역 중심,135–447,71,0,180,H1 · H2 · M1,audio/SN161.mp3,images/SN161.jpg,미지정 · 개인 청취 선택,미지정 · 효과 검증 전,신규 핸드팬 15곡,92,4/4 displaced,C Dorian,ABCCBA,0.85,0.004,96.33,악기 음향은 연구 참고. BPM·박자·음계·감쇠 수치는 제작 선택. 개별 효과 미검증.
SN162,호박빛 잔물결,핸드팬 모달 합성,네 묶음의 3분할 · 부드러운 금속 타격 · 짧은 선율,완만한 좌우 패닝 + 부드러운 초기 반사,없음,없음,110.0–329.63,없음,저역 중심,108–334,74,0,180,H1 · H2 · M1,audio/SN162.mp3,images/SN162.jpg,미지정 · 개인 청취 선택,미지정 · 효과 검증 전,신규 핸드팬 15곡,74,12/8,A minor pentatonic,ACABCB,1.95,0.004,70.0,악기 음향은 연구 참고. BPM·박자·음계·감쇠 수치는 제작 선택. 개별 효과 미검증.
SN163,열한 걸음의 궤도,핸드팬 모달 합성,3+3+2+3 궤도 · 부드러운 금속 타격 · 짧은 선율,완만한 좌우 패닝 + 부드러운 초기 반사,없음,없음,82.41–277.18,없음,저역 중심,81–280,77,0,180,H1 · H2 · M1,audio/SN163.mp3,images/SN163.jpg,미지정 · 개인 청취 선택,미지정 · 효과 검증 전,신규 핸드팬 15곡,86,11/8,E Dorian,ABCBAB,1.15,0.004,77.33,악기 음향은 연구 참고. BPM·박자·음계·감쇠 수치는 제작 선택. 개별 효과 미검증.
SN164,접혔다 펴지는 오후,핸드팬 모달 합성,3박과 4박 교대 · 부드러운 금속 타격 · 짧은 선율,완만한 좌우 패닝 + 부드러운 초기 반사,없음,없음,98.0–293.66,없음,저역 중심,97–296,80,0,180,H1 · H2 · M1,audio/SN164.mp3,images/SN164.jpg,미지정 · 개인 청취 선택,미지정 · 효과 검증 전,신규 핸드팬 15곡,83,alternating 3/4+4/4,G major pentatonic,ACBABC,1.55,0.004,56.0,악기 음향은 연구 참고. BPM·박자·음계·감쇠 수치는 제작 선택. 개별 효과 미검증.
SN165,고요 속 작은 굴림,핸드팬 모달 합성,짧은 손가락 굴림 · 부드러운 금속 타격 · 짧은 선율,완만한 좌우 패닝 + 부드러운 초기 반사,없음,없음,155.56–392.0,없음,중역 중심,151–463,83,0,180,H1 · H2 · M1,audio/SN165.mp3,images/SN165.jpg,미지정 · 개인 청취 선택,미지정 · 효과 검증 전,신규 핸드팬 15곡,64,2/4,Eb major pentatonic,ABCBAA,0.7,0.004,133.33,악기 음향은 연구 참고. BPM·박자·음계·감쇠 수치는 제작 선택. 개별 효과 미검증.
SN166,꿀빛으로 늘어나는 원,싱잉볼 공명 합성,늦게 도착하는 두 타격 · 긴 공명 · 느린 마찰형 부풀음,완만한 좌우 패닝 + 부드러운 초기 반사,없음,없음,130.81–261.63,없음,저역 중심,129–264,41,0,180,B1 · M1 · B2,audio/SN166.mp3,images/SN166.jpg,미지정 · 개인 청취 선택,미지정 · 효과 검증 전,신규 싱잉볼 15곡,30,4/4,C open fifth,ABACBA,8,2.2,6.33,악기 음향은 연구 참고. BPM·박자·음계·감쇠 수치는 제작 선택. 개별 효과 미검증.
SN167,푸른 숨의 간격,싱잉볼 공명 합성,긴 세 박의 호흡 · 긴 공명 · 느린 마찰형 부풀음,완만한 좌우 패닝 + 부드러운 초기 반사,없음,없음,146.83–329.63,없음,저역 중심,145–328,44,0,180,B1 · M1 · B2,audio/SN167.mp3,images/SN167.jpg,미지정 · 개인 청취 선택,미지정 · 효과 검증 전,신규 싱잉볼 15곡,24,3/4,D suspended,AABACA,10,3.8,6.33,악기 음향은 연구 참고. BPM·박자·음계·감쇠 수치는 제작 선택. 개별 효과 미검증.
SN168,겹겹의 비단,싱잉볼 공명 합성,세 번의 서로 다른 부풀음 · 긴 공명 · 느린 마찰형 부풀음,완만한 좌우 패닝 + 부드러운 초기 반사,없음,없음,110.0–261.63,없음,저역 중심,108–264,47,0,180,B1 · M1 · B2,audio/SN168.mp3,images/SN168.jpg,미지정 · 개인 청취 선택,미지정 · 효과 검증 전,신규 싱잉볼 15곡,28,6/8,A minor pentatonic,ABCABA,12,4.5,7.67,악기 음향은 연구 참고. BPM·박자·음계·감쇠 수치는 제작 선택. 개별 효과 미검증.
SN169,느린 다섯 걸음,싱잉볼 공명 합성,3+2 확대 순환 · 긴 공명 · 느린 마찰형 부풀음,완만한 좌우 패닝 + 부드러운 초기 반사,없음,없음,82.41–246.94,없음,저역 중심,81–248,50,0,180,B1 · M1 · B2,audio/SN169.mp3,images/SN169.jpg,미지정 · 개인 청취 선택,미지정 · 효과 검증 전,신규 싱잉볼 15곡,36,5/4,E open fifth,ABCBCA,7,1.5,9.0,악기 음향은 연구 참고. BPM·박자·음계·감쇠 수치는 제작 선택. 개별 효과 미검증.
SN170,기울어진 달,싱잉볼 공명 합성,2+2+3 비대칭 느린 파동 · 긴 공명 · 느린 마찰형 부풀음,완만한 좌우 패닝 + 부드러운 초기 반사,없음,없음,123.47–277.18,없음,저역 중심,118–280,53,0,180,B1 · M1 · B2,audio/SN170.mp3,images/SN170.jpg,미지정 · 개인 청취 선택,미지정 · 효과 검증 전,신규 싱잉볼 15곡,32,7/8,B suspended,ACABCA,11,3.2,7.0,악기 음향은 연구 참고. BPM·박자·음계·감쇠 수치는 제작 선택. 개별 효과 미검증.
SN171,새벽의 두 겹,싱잉볼 공명 합성,두 음역이 뒤늦게 겹침 · 긴 공명 · 느린 마찰형 부풀음,완만한 좌우 패닝 + 부드러운 초기 반사,없음,없음,87.31–261.63,없음,저역 중심,86–264,56,0,180,B1 · M1 · B2,audio/SN171.mp3,images/SN171.jpg,미지정 · 개인 청취 선택,미지정 · 효과 검증 전,신규 싱잉볼 15곡,26,4/4 staggered,F major pentatonic,ABBACA,13,5.0,5.33,악기 음향은 연구 참고. BPM·박자·음계·감쇠 수치는 제작 선택. 개별 효과 미검증.
SN172,빙하 아래의 울림,싱잉볼 공명 합성,11–19초 자유 간격 · 긴 공명 · 느린 마찰형 부풀음,완만한 좌우 패닝 + 부드러운 초기 반사,없음,없음,73.42–146.83,없음,저역 중심,70–151,59,0,180,B1 · M1 · B2,audio/SN172.mp3,images/SN172.jpg,미지정 · 개인 청취 선택,미지정 · 효과 검증 전,신규 싱잉볼 15곡,22,free 11–19 s,D low open fifth,ABACAB,15,6.0,4.0,악기 음향은 연구 참고. BPM·박자·음계·감쇠 수치는 제작 선택. 개별 효과 미검증.
SN173,밀려오는 호박빛,싱잉볼 공명 합성,늦춘 스윙과 완만한 복귀 · 긴 공명 · 느린 마찰형 부풀음,완만한 좌우 패닝 + 부드러운 초기 반사,없음,없음,98.0–220.0,없음,저역 중심,97–226,62,0,180,B1 · M1 · B2,audio/SN173.mp3,images/SN173.jpg,미지정 · 개인 청취 선택,미지정 · 효과 검증 전,신규 싱잉볼 15곡,40,4/4 late swing,G suspended,ABCACB,6,1.8,11.67,악기 음향은 연구 참고. BPM·박자·음계·감쇠 수치는 제작 선택. 개별 효과 미검증.
SN174,끝없이 감기는 나선,싱잉볼 공명 합성,음 높이가 회전하는 순환 · 긴 공명 · 느린 마찰형 부풀음,완만한 좌우 패닝 + 부드러운 초기 반사,없음,없음,130.81–311.13,없음,저역 중심,129–312,65,0,180,B1 · M1 · B2,audio/SN174.mp3,images/SN174.jpg,미지정 · 개인 청취 선택,미지정 · 효과 검증 전,신규 싱잉볼 15곡,34,3/4 rotating,C minor pentatonic,ACBCAB,9,4.2,9.0,악기 음향은 연구 참고. BPM·박자·음계·감쇠 수치는 제작 선택. 개별 효과 미검증.
SN175,먼 종의 대답,싱잉볼 공명 합성,낮은 호출과 먼 높은 응답 · 긴 공명 · 느린 마찰형 부풀음,완만한 좌우 패닝 + 부드러운 초기 반사,없음,없음,110.0–329.63,없음,저역 중심,108–307,68,0,180,B1 · M1 · B2,audio/SN175.mp3,images/SN175.jpg,미지정 · 개인 청취 선택,미지정 · 효과 검증 전,신규 싱잉볼 15곡,29,4/4 call-response,A open fifth,AABCAC,14,1.0,4.0,악기 음향은 연구 참고. BPM·박자·음계·감쇠 수치는 제작 선택. 개별 효과 미검증.
SN176,느리게 녹는 유리,싱잉볼 공명 합성,첫 박을 비워 둔 지연 · 긴 공명 · 느린 마찰형 부풀음,완만한 좌우 패닝 + 부드러운 초기 반사,없음,없음,155.56–392.0,없음,중역 중심,156–393,71,0,180,B1 · M1 · B2,audio/SN176.mp3,images/SN176.jpg,미지정 · 개인 청취 선택,미지정 · 효과 검증 전,신규 싱잉볼 15곡,38,5/4 delayed,Eb major pentatonic,ABCCBA,8.5,5.5,9.67,악기 음향은 연구 참고. BPM·박자·음계·감쇠 수치는 제작 선택. 개별 효과 미검증.
SN177,아홉 겹의 안개,싱잉볼 공명 합성,3+3+3 긴 안개 층 · 긴 공명 · 느린 마찰형 부풀음,완만한 좌우 패닝 + 부드러운 초기 반사,없음,없음,92.5–207.65,없음,저역 중심,92–210,74,0,180,B1 · M1 · B2,audio/SN177.mp3,images/SN177.jpg,미지정 · 개인 청취 선택,미지정 · 효과 검증 전,신규 싱잉볼 15곡,27,9/8,F# suspended,ACABCB,16,7.0,4.67,악기 음향은 연구 참고. BPM·박자·음계·감쇠 수치는 제작 선택. 개별 효과 미검증.
SN178,젖은 돌의 진동,싱잉볼 공명 합성,저음 반박과 짧은 되울림 · 긴 공명 · 느린 마찰형 부풀음,완만한 좌우 패닝 + 부드러운 초기 반사,없음,없음,116.54–233.08,없음,저역 중심,113–237,77,0,180,B1 · M1 · B2,audio/SN178.mp3,images/SN178.jpg,미지정 · 개인 청취 선택,미지정 · 효과 검증 전,신규 싱잉볼 15곡,42,4/4 half-time,Bb open fifth,ABCBAB,5.5,0.8,13.33,악기 음향은 연구 참고. BPM·박자·음계·감쇠 수치는 제작 선택. 개별 효과 미검증.
SN179,접히는 시간,싱잉볼 공명 합성,3박과 5박의 긴 교대 · 긴 공명 · 느린 마찰형 부풀음,완만한 좌우 패닝 + 부드러운 초기 반사,없음,없음,82.41–196.0,없음,저역 중심,81–167,80,0,180,B1 · M1 · B2,audio/SN179.mp3,images/SN179.jpg,미지정 · 개인 청취 선택,미지정 · 효과 검증 전,신규 싱잉볼 15곡,31,alternating 3/4+5/4,E minor pentatonic,ACBABC,12.5,4.8,6.33,악기 음향은 연구 참고. BPM·박자·음계·감쇠 수치는 제작 선택. 개별 효과 미검증.
SN180,마지막 빛의 여운,싱잉볼 공명 합성,간격이 넓어지는 소멸 · 긴 공명 · 느린 마찰형 부풀음,완만한 좌우 패닝 + 부드러운 초기 반사,없음,없음,98.0–293.66,없음,저역 중심,97–296,83,0,180,B1 · M1 · B2,audio/SN180.mp3,images/SN180.jpg,미지정 · 개인 청취 선택,미지정 · 효과 검증 전,신규 싱잉볼 15곡,25,free expanding,G major pentatonic,ABCBAA,18,8.0,3.67,악기 음향은 연구 참고. BPM·박자·음계·감쇠 수치는 제작 선택. 개별 효과 미검증.
